symbols,updated_date
2S,2023-01-07
3K-BAT,2023-01-07
7UP,2023-01-07
24CS,2023-01-07
A,2023-01-07
AAI,2023-01-07
AAV,2023-01-07
ACC,2023-01-07
ACE,2023-01-07
ACG,2023-01-07
ADVANC,2023-01-07
AEONTS,2023-01-07
AFC,2023-01-07
AGE,2023-01-07
AH,2023-01-07
AHC,2023-01-07
AI,2023-01-07
AIE,2023-01-07
AIMCG,2023-01-07
AIMIRT,2023-01-07
AIT,2023-01-07
AJ,2023-01-07
AJA,2023-01-07
AKR,2023-01-07
ALLA,2023-01-07
ALLY,2023-01-07
ALT,2023-01-07
ALUCON,2023-01-07
AMANAH,2023-01-07
AMARIN,2023-01-07
AMATA,2023-01-07
AMATAR,2023-01-07
AMATAV,2023-01-07
AMC,2023-01-07
AMR,2023-01-07
ANAN,2023-01-07
AOT,2023-01-07
AP,2023-01-07
APCO,2023-01-07
APCS,2023-01-07
APURE,2023-01-07
AQ,2023-01-07
AQUA,2023-01-07
AS,2023-01-07
ASAP,2023-01-07
ASEFA,2023-01-07
ASIA,2023-01-07
ASIAN,2023-01-07
ASIMAR,2023-01-07
ASK,2023-01-07
ASP,2023-01-07
ASW,2023-01-07
AURA,2023-01-07
AWC,2023-01-07
AYUD,2023-01-07
A5,2023-01-07
ABM,2023-01-07
ACAP,2023-01-07
ADB,2023-01-07
ADD,2023-01-07
AF,2023-01-07
AIRA,2023-01-07
AKP,2023-01-07
ALL,2023-01-07
ALPHAX,2023-01-07
AMA,2023-01-07
AMARC,2023-01-07
APP,2023-01-07
ARIN,2023-01-07
ARIP,2023-01-07
ARROW,2023-01-07
ASN,2023-01-07
ATP30,2023-01-07
AU,2023-01-07
AUCT,2023-01-07
B,2023-01-07
B-WORK,2023-01-07
B52,2023-01-07
BA,2023-01-07
BAFS,2023-01-07
BAM,2023-01-07
BANPU,2023-01-07
BAREIT,2023-01-07
BAY,2023-01-07
BBGI,2023-01-07
BBL,2023-01-07
BCH,2023-01-07
BCP,2023-01-07
BCPG,2023-01-07
BCT,2023-01-07
BDMS,2023-01-07
BEAUTY,2023-01-07
BEC,2023-01-07
BEM,2023-01-07
BEYOND,2023-01-07
BGC,2023-01-07
BGRIM,2023-01-07
BH,2023-01-07
BIG,2023-01-07
BIOTEC,2023-01-07
BIZ,2023-01-07
BJC,2023-01-07
BJCHI,2023-01-07
BKD,2023-01-07
BKI,2023-01-07
BKKCP,2023-01-07
BLA,2023-01-07
BLAND,2023-01-07
BOFFICE,2023-01-07
BPP,2023-01-07
BR,2023-01-07
BRI,2023-01-07
BROCK,2023-01-07
BRR,2023-01-07
BRRGIF,2023-01-07
BSBM,2023-01-07
BTG,2023-01-07
BTNC,2023-01-07
BTS,2023-01-07
BTSGIF,2023-01-07
BUI,2023-01-07
BWG,2023-01-07
BYD,2023-01-07
BBIK,2023-01-07
BC,2023-01-07
BE8,2023-01-07
BGT,2023-01-07
BIS,2023-01-07
BLESS,2023-01-07
BM,2023-01-07
BOL,2023-01-07
BROOK,2023-01-07
BSM,2023-01-07
BTW,2023-01-07
CBG,2023-01-07
CCET,2023-01-07
CCP,2023-01-07
CEN,2023-01-07
CENTEL,2023-01-07
CFRESH,2023-01-07
CGD,2023-01-07
CGH,2023-01-07
CH,2023-01-07
CHARAN,2023-01-07
CHAYO,2023-01-07
CHG,2023-01-07
CHOTI,2023-01-07
CI,2023-01-07
CIMBT,2023-01-07
CITY,2023-01-07
CIVIL,2023-01-07
CK,2023-01-07
CKP,2023-01-07
CM,2023-01-07
CMAN,2023-01-07
CMC,2023-01-07
CMR,2023-01-07
CNT,2023-01-07
COM7,2023-01-07
COTTO,2023-01-07
CPALL,2023-01-07
CPF,2023-01-07
CPH,2023-01-07
CPI,2023-01-07
CPL,2023-01-07
CPN,2023-01-07
CPNCG,2023-01-07
CPNREIT,2023-01-07
CPT,2023-01-07
CPTGF,2023-01-07
CPW,2023-01-07
CRANE,2023-01-07
CRC,2023-01-07
CSC,2023-01-07
CSP,2023-01-07
CSR,2023-01-07
CSS,2023-01-07
CTARAF,2023-01-07
CTW,2023-01-07
CV,2023-01-07
CWT,2023-01-07
CAZ,2023-01-07
CEYE,2023-01-07
CHEWA,2023-01-07
CHIC,2023-01-07
CHO,2023-01-07
CHOW,2023-01-07
CIG,2023-01-07
CMO,2023-01-07
COLOR,2023-01-07
COMAN,2023-01-07
CPANEL,2023-01-07
CPR,2023-01-07
CRD,2023-01-07
DCC,2023-01-07
DCON,2023-01-07
DDD,2023-01-07
DELTA,2023-01-07
DEMCO,2023-01-07
DIF,2023-01-07
DMT,2023-01-07
DOHOME,2023-01-07
DREIT,2023-01-07
DRT,2023-01-07
DTAC,2023-01-07
DTCENT,2023-01-07
DTCI,2023-01-07
DUSIT,2023-01-07
D,2023-01-07
DHOUSE,2023-01-07
DIMET,2023-01-07
DITTO,2023-01-07
DOD,2023-01-07
DPAINT,2023-01-07
DV8,2023-01-07
EA,2023-01-07
EASON,2023-01-07
EASTW,2023-01-07
ECL,2023-01-07
EE,2023-01-07
EGATIF,2023-01-07
EGCO,2023-01-07
EKH,2023-01-07
EMC,2023-01-07
EP,2023-01-07
EPG,2023-01-07
ERW,2023-01-07
ERWPF,2023-01-07
ESSO,2023-01-07
ESTAR,2023-01-07
ETC,2023-01-07
EVER,2023-01-07
ECF,2023-01-07
EFORL,2023-01-07
ETE,2023-01-07
F&D,2023-01-07
FANCY,2023-01-07
FE,2023-01-07
FMT,2023-01-07
FN,2023-01-07
FNS,2023-01-07
FORTH,2023-01-07
FPT,2023-01-07
FSS,2023-01-07
FTE,2023-01-07
FTI,2023-01-07
FTREIT,2023-01-07
FUTUREPF,2023-01-07
FLOYD,2023-01-07
FPI,2023-01-07
FSMART,2023-01-07
FVC,2023-01-07
GAHREIT,2023-01-07
GBX,2023-01-07
GC,2023-01-07
GEL,2023-01-07
GENCO,2023-01-07
GFPT,2023-01-07
GGC,2023-01-07
GIFT,2023-01-07
GJS,2023-01-07
GLAND,2023-01-07
GLOBAL,2023-01-07
GLOCON,2023-01-07
GPI,2023-01-07
GPSC,2023-01-07
GRAMMY,2023-01-07
GRAND,2023-01-07
GREEN,2023-01-07
GROREIT,2023-01-07
GULF,2023-01-07
GUNKUL,2023-01-07
GVREIT,2023-01-07
GYT,2023-01-07
GCAP,2023-01-07
GLORY,2023-01-07
GSC,2023-01-07
GTB,2023-01-07
HANA,2023-01-07
HENG,2023-01-07
HFT,2023-01-07
HMPRO,2023-01-07
HPF,2023-01-07
HTC,2023-01-07
HTECH,2023-01-07
HUMAN,2023-01-07
HYDROGEN,2023-01-07
HARN,2023-01-07
HEMP,2023-01-07
HL,2023-01-07
HPT,2023-01-07
HYDRO,2023-01-07
ICC,2023-01-07
ICHI,2023-01-07
IFS,2023-01-07
IHL,2023-01-07
III,2023-01-07
ILINK,2023-01-07
ILM,2023-01-07
IMPACT,2023-01-07
INET,2023-01-07
INETREIT,2023-01-07
INGRS,2023-01-07
INOX,2023-01-07
INSET,2023-01-07
INSURE,2023-01-07
INTUCH,2023-01-07
IRC,2023-01-07
IRPC,2023-01-07
IT,2023-01-07
ITC,2023-01-07
ITD,2023-01-07
ITEL,2023-01-07
IVL,2023-01-07
ICN,2023-01-07
IIG,2023-01-07
IMH,2023-01-07
IND,2023-01-07
IP,2023-01-07
IRCP,2023-01-07
ITNS,2023-01-07
J,2023-01-07
JAS,2023-01-07
JASIF,2023-01-07
JCK,2023-01-07
JCT,2023-01-07
JDF,2023-01-07
JKN,2023-01-07
JMART,2023-01-07
JMT,2023-01-07
JR,2023-01-07
JTS,2023-01-07
JWD,2023-01-07
JAK,2023-01-07
JCKH,2023-01-07
JSP,2023-01-07
JUBILE,2023-01-07
KAMART,2023-01-07
KBANK,2023-01-07
KBS,2023-01-07
KBSPIF,2023-01-07
KC,2023-01-07
KCAR,2023-01-07
KCE,2023-01-07
KDH,2023-01-07
KEX,2023-01-07
KGI,2023-01-07
KIAT,2023-01-07
KISS,2023-01-07
KKC,2023-01-07
KKP,2023-01-07
KPNPF,2023-01-07
KSL,2023-01-07
KTB,2023-01-07
KTBSTMR,2023-01-07
KTC,2023-01-07
KTIS,2023-01-07
KWC,2023-01-07
KWI,2023-01-07
KYE,2023-01-07
K,2023-01-07
KASET,2023-01-07
KCC,2023-01-07
KCM,2023-01-07
KGEN,2023-01-07
KJL,2023-01-07
KK,2023-01-07
KLINIQ,2023-01-07
KOOL,2023-01-07
KTMS,2023-01-07
KUMWEL,2023-01-07
KUN,2023-01-07
KWM,2023-01-07
L&E,2023-01-07
LALIN,2023-01-07
LANNA,2023-01-07
LEE,2023-01-07
LH,2023-01-07
LHFG,2023-01-07
LHHOTEL,2023-01-07
LHK,2023-01-07
LHPF,2023-01-07
LHSC,2023-01-07
LOXLEY,2023-01-07
LPF,2023-01-07
LPH,2023-01-07
LPN,2023-01-07
LRH,2023-01-07
LST,2023-01-07
LUXF,2023-01-07
LDC,2023-01-07
LEO,2023-01-07
LIT,2023-01-07
M,2023-01-07
M-CHAI,2023-01-07
M-II,2023-01-07
M-PAT,2023-01-07
M-STOR,2023-01-07
MACO,2023-01-07
MAJOR,2023-01-07
MAKRO,2023-01-07
MALEE,2023-01-07
MANRIN,2023-01-07
MATCH,2023-01-07
MATI,2023-01-07
MBK,2023-01-07
MC,2023-01-07
MCOT,2023-01-07
MCS,2023-01-07
MDX,2023-01-07
MEGA,2023-01-07
MENA,2023-01-07
METCO,2023-01-07
MFC,2023-01-07
MFEC,2023-01-07
MICRO,2023-01-07
MIDA,2023-01-07
MILL,2023-01-07
MINT,2023-01-07
MIPF,2023-01-07
MIT,2023-01-07
MJD,2023-01-07
MJLF,2023-01-07
MK,2023-01-07
ML,2023-01-07
MNIT,2023-01-07
MNIT2,2023-01-07
MNRF,2023-01-07
MODERN,2023-01-07
MONO,2023-01-07
MOSHI,2023-01-07
MPIC,2023-01-07
MSC,2023-01-07
MST,2023-01-07
MTC,2023-01-07
MTI,2023-01-07
MBAX,2023-01-07
META,2023-01-07
MGT,2023-01-07
MITSIB,2023-01-07
MOONG,2023-01-07
MORE,2023-01-07
MTW,2023-01-07
MUD,2023-01-07
MVP,2023-01-07
NATION,2023-01-07
NC,2023-01-07
NCAP,2023-01-07
NCH,2023-01-07
NEP,2023-01-07
NER,2023-01-07
NEW,2023-01-07
NEX,2023-01-07
NFC,2023-01-07
NKI,2023-01-07
NNCL,2023-01-07
NOBLE,2023-01-07
NOVA,2023-01-07
NRF,2023-01-07
NSI,2023-01-07
NSL,2023-01-07
NTV,2023-01-07
NUSA,2023-01-07
NV,2023-01-07
NVD,2023-01-07
NWR,2023-01-07
NYT,2023-01-07
NCL,2023-01-07
NDR,2023-01-07
NETBAY,2023-01-07
NEWS,2023-01-07
NINE,2023-01-07
NPK,2023-01-07
OCC,2023-01-07
OGC,2023-01-07
OHTL,2023-01-07
OISHI,2023-01-07
ONEE,2023-01-07
OR,2023-01-07
ORI,2023-01-07
OSP,2023-01-07
OTO,2023-01-07
PAF,2023-01-07
PAP,2023-01-07
PATO,2023-01-07
PB,2023-01-07
PCC,2023-01-07
PCSGH,2023-01-07
PDJ,2023-01-07
PEACE,2023-01-07
PERM,2023-01-07
PF,2023-01-07
PG,2023-01-07
PIN,2023-01-07
PK,2023-01-07
PL,2023-01-07
PLANB,2023-01-07
PLAT,2023-01-07
PLE,2023-01-07
PLUS,2023-01-07
PM,2023-01-07
PMTA,2023-01-07
POLY,2023-01-07
POPF,2023-01-07
PORT,2023-01-07
PPF,2023-01-07
PPP,2023-01-07
PPPM,2023-01-07
PR9,2023-01-07
PRAKIT,2023-01-07
PREB,2023-01-07
PRECHA,2023-01-07
PRG,2023-01-07
PRIME,2023-01-07
PRIN,2023-01-07
PRINC,2023-01-07
PRM,2023-01-07
PROSPECT,2023-01-07
PSH,2023-01-07
PSL,2023-01-07
PT,2023-01-07
PTECH,2023-01-07
PTG,2023-01-07
PTL,2023-01-07
PTT,2023-01-07
PTTEP,2023-01-07
PTTGC,2023-01-07
PYLON,2023-01-07
PACO,2023-01-07
PDG,2023-01-07
PHOL,2023-01-07
PICO,2023-01-07
PIMO,2023-01-07
PJW,2023-01-07
PLANET,2023-01-07
PPM,2023-01-07
PPS,2023-01-07
PRAPAT,2023-01-07
PRI,2023-01-07
PROEN,2023-01-07
PROS,2023-01-07
PROUD,2023-01-07
PSG,2023-01-07
PSTC,2023-01-07
PTC,2023-01-07
Q-CON,2023-01-07
QH,2023-01-07
QHHR,2023-01-07
QHOP,2023-01-07
QHPF,2023-01-07
QTC,2023-01-07
QLT,2023-01-07
RABBIT,2023-01-07
RAM,2023-01-07
RATCH,2023-01-07
RBF,2023-01-07
RCL,2023-01-07
RICHY,2023-01-07
RJH,2023-01-07
RML,2023-01-07
ROCK,2023-01-07
ROH,2023-01-07
ROJNA,2023-01-07
RPC,2023-01-07
RPH,2023-01-07
RS,2023-01-07
RSP,2023-01-07
RT,2023-01-07
RP,2023-01-07
RWI,2023-01-07
S,2023-01-07
S&J,2023-01-07
S11,2023-01-07
SA,2023-01-07
SABINA,2023-01-07
SABUY,2023-01-07
SAK,2023-01-07
SAM,2023-01-07
SAMART,2023-01-07
SAMCO,2023-01-07
SAMTEL,2023-01-07
SAPPE,2023-01-07
SAT,2023-01-07
SAUCE,2023-01-07
SAWAD,2023-01-07
SAWANG,2023-01-07
SC,2023-01-07
SCAP,2023-01-07
SCB,2023-01-07
SCC,2023-01-07
SCCC,2023-01-07
SCG,2023-01-07
SCGP,2023-01-07
SCI,2023-01-07
SCM,2023-01-07
SCN,2023-01-07
SCP,2023-01-07
SDC,2023-01-07
SE-ED,2023-01-07
SEAFCO,2023-01-07
SENA,2023-01-07
SFLEX,2023-01-07
SFP,2023-01-07
SGC,2023-01-07
SGP,2023-01-07
SHANG,2023-01-07
SHR,2023-01-07
SHREIT,2023-01-07
SIAM,2023-01-07
SINGER,2023-01-07
SIRI,2023-01-07
SIRIP,2023-01-07
SIS,2023-01-07
SISB,2023-01-07
SITHAI,2023-01-07
SKE,2023-01-07
SKN,2023-01-07
SKR,2023-01-07
SKY,2023-01-07
SLP,2023-01-07
SM,2023-01-07
SMIT,2023-01-07
SMK,2023-01-07
SMPC,2023-01-07
SMT,2023-01-07
SNC,2023-01-07
SNNP,2023-01-07
SNP,2023-01-07
SO,2023-01-07
SOLAR,2023-01-07
SORKON,2023-01-07
SPACK,2023-01-07
SPALI,2023-01-07
SPC,2023-01-07
SPCG,2023-01-07
SPG,2023-01-07
SPI,2023-01-07
SPRC,2023-01-07
SPRIME,2023-01-07
SQ,2023-01-07
SRICHA,2023-01-07
SRIPANWA,2023-01-07
SSC,2023-01-07
SSF,2023-01-07
SSP,2023-01-07
SSPF,2023-01-07
SSSC,2023-01-07
SST,2023-01-07
SSTRT,2023-01-07
STA,2023-01-07
STANLY,2023-01-07
STARK,2023-01-07
STEC,2023-01-07
STECH,2023-01-07
STGT,2023-01-07
STI,2023-01-07
STPI,2023-01-07
SUC,2023-01-07
SUN,2023-01-07
SUPER,2023-01-07
SUPEREIF,2023-01-07
SUSCO,2023-01-07
SUTHA,2023-01-07
SVI,2023-01-07
SVOA,2023-01-07
SVT,2023-01-07
SYMC,2023-01-07
SYNEX,2023-01-07
SYNTEC,2023-01-07
SAAM,2023-01-07
SALEE,2023-01-07
SANKO,2023-01-07
SE,2023-01-07
SEAOIL,2023-01-07
SECURE,2023-01-07
SELIC,2023-01-07
SENAJ,2023-01-07
SFT,2023-01-07
SGF,2023-01-07
SICT,2023-01-07
SIMAT,2023-01-07
SK,2023-01-07
SMART,2023-01-07
SMD,2023-01-07
SONIC,2023-01-07
SPA,2023-01-07
SPVI,2023-01-07
SR,2023-01-07
STC,2023-01-07
STOWER,2023-01-07
STP,2023-01-07
SWC,2023-01-07
TAE,2023-01-07
TASCO,2023-01-07
TC,2023-01-07
TCAP,2023-01-07
TCC,2023-01-07
TCCC,2023-01-07
TCJ,2023-01-07
TCMC,2023-01-07
TCOAT,2023-01-07
TEAM,2023-01-07
TEAMG,2023-01-07
TEGH,2023-01-07
TEKA,2023-01-07
TFFIF,2023-01-07
TFG,2023-01-07
TFI,2023-01-07
TFM,2023-01-07
TFMAMA,2023-01-07
TGE,2023-01-07
TGH,2023-01-07
TGPRO,2023-01-07
TH,2023-01-07
THANI,2023-01-07
THCOM,2023-01-07
THE,2023-01-07
THG,2023-01-07
THIP,2023-01-07
THRE,2023-01-07
THREL,2023-01-07
TIDLOR,2023-01-07
TIF1,2023-01-07
TIPCO,2023-01-07
TIPH,2023-01-07
TISCO,2023-01-07
TK,2023-01-07
TKC,2023-01-07
TKN,2023-01-07
TKS,2023-01-07
TKT,2023-01-07
TLHPF,2023-01-07
TLI,2023-01-07
TMD,2023-01-07
TMT,2023-01-07
TNITY,2023-01-07
TNL,2023-01-07
TNPC,2023-01-07
TNPF,2023-01-07
TNR,2023-01-07
TOA,2023-01-07
TOG,2023-01-07
TOP,2023-01-07
TOPP,2023-01-07
TPA,2023-01-07
TPAC,2023-01-07
TPBI,2023-01-07
TPCS,2023-01-07
TPIPL,2023-01-07
TPIPP,2023-01-07
TPOLY,2023-01-07
TPP,2023-01-07
TPRIME,2023-01-07
TQM,2023-01-07
TR,2023-01-07
TRC,2023-01-07
TRITN,2023-01-07
TRU,2023-01-07
TRUBB,2023-01-07
TRUE,2023-01-07
TSC,2023-01-07
TSE,2023-01-07
TSI,2023-01-07
TSR,2023-01-07
TSTE,2023-01-07
TSTH,2023-01-07
TTA,2023-01-07
TTB,2023-01-07
TTCL,2023-01-07
TTI,2023-01-07
TTLPF,2023-01-07
TTT,2023-01-07
TTW,2023-01-07
TU,2023-01-07
TU-PF,2023-01-07
TVI,2023-01-07
TVO,2023-01-07
TWP,2023-01-07
TWPC,2023-01-07
TWZ,2023-01-07
TYCN,2023-01-07
TACC,2023-01-07
TAKUNI,2023-01-07
TAPAC,2023-01-07
THANA,2023-01-07
THMUI,2023-01-07
TIGER,2023-01-07
TITLE,2023-01-07
TM,2023-01-07
TMC,2023-01-07
TMI,2023-01-07
TMILL,2023-01-07
TMW,2023-01-07
TNDT,2023-01-07
TNH,2023-01-07
TNP,2023-01-07
TPCH,2023-01-07
TPLAS,2023-01-07
TPS,2023-01-07
TQR,2023-01-07
TRT,2023-01-07
TRV,2023-01-07
TVDH,2023-01-07
TVT,2023-01-07
UAC,2023-01-07
UBE,2023-01-07
UMI,2023-01-07
UNIQ,2023-01-07
UOBKH,2023-01-07
UP,2023-01-07
UPF,2023-01-07
UPOIC,2023-01-07
URBNPF,2023-01-07
UTP,2023-01-07
UV,2023-01-07
UVAN,2023-01-07
UBA,2023-01-07
UBIS,2023-01-07
UEC,2023-01-07
UKEM,2023-01-07
UMS,2023-01-07
UPA,2023-01-07
UREKA,2023-01-07
VARO,2023-01-07
VGI,2023-01-07
VIBHA,2023-01-07
VIH,2023-01-07
VNG,2023-01-07
VPO,2023-01-07
VRANDA,2023-01-07
VCOM,2023-01-07
VL,2023-01-07
W,2023-01-07
WACOAL,2023-01-07
WAVE,2023-01-07
WFX,2023-01-07
WGE,2023-01-07
WHA,2023-01-07
WHABT,2023-01-07
WHAIR,2023-01-07
WHART,2023-01-07
WHAUP,2023-01-07
WICE,2023-01-07
WIIK,2023-01-07
WIN,2023-01-07
WORK,2023-01-07
WP,2023-01-07
WPH,2023-01-07
WARRIX,2023-01-07
WINMED,2023-01-07
WINNER,2023-01-07
XPG,2023-01-07
XO,2023-01-07
YGG,2023-01-07
YONG,2023-01-07
YUASA,2023-01-07
ZEN,2023-01-07
ZIGA,2023-01-07
